M01,M02,M03,M04,M06,M07,M08,M09
3,5,2,65f2b678-0fe3-41e5-b9d3-bfb852977878,capi djibouti pilot,2,6,12be4578-e63a-4fb4-9adb-fcd7c2c712e1
7,17,10,65f2b678-0fe3-41e5-b9d3-bfb852977878,capi djibouti pilot,8,9,12be4578-e63a-4fb4-9adb-fcd7c2c712e1
4,12,14,65f2b678-0fe3-41e5-b9d3-bfb852977878,capi djibouti pilot,7,18,12be4578-e63a-4fb4-9adb-fcd7c2c712e1
12,3,8,65f2b678-0fe3-41e5-b9d3-bfb852977878,capi djibouti pilot,2,15,12be4578-e63a-4fb4-9adb-fcd7c2c712e1
16,20,3,65f2b678-0fe3-41e5-b9d3-bfb852977878,capi djibouti pilot,7,16,12be4578-e63a-4fb4-9adb-fcd7c2c712e1
6,14,6,65f2b678-0fe3-41e5-b9d3-bfb852977878,capi djibouti pilot,9,7,12be4578-e63a-4fb4-9adb-fcd7c2c712e1
20,9,14,65f2b678-0fe3-41e5-b9d3-bfb852977878,capi djibouti pilot,9,13,12be4578-e63a-4fb4-9adb-fcd7c2c712e1
6,9,10,65f2b678-0fe3-41e5-b9d3-bfb852977878,capi djibouti pilot,8,7,12be4578-e63a-4fb4-9adb-fcd7c2c712e1
2,19,4,65f2b678-0fe3-41e5-b9d3-bfb852977878,capi djibouti pilot,3,12,12be4578-e63a-4fb4-9adb-fcd7c2c712e1
17,13,14,65f2b678-0fe3-41e5-b9d3-bfb852977878,capi djibouti pilot,9,8,12be4578-e63a-4fb4-9adb-fcd7c2c712e1
11,12,8,65f2b678-0fe3-41e5-b9d3-bfb852977878,capi djibouti pilot,7,18,12be4578-e63a-4fb4-9adb-fcd7c2c712e1
15,19,5,65f2b678-0fe3-41e5-b9d3-bfb852977878,capi djibouti pilot,1,18,12be4578-e63a-4fb4-9adb-fcd7c2c712e1
2,5,3,65f2b678-0fe3-41e5-b9d3-bfb852977878,capi djibouti pilot,7,5,12be4578-e63a-4fb4-9adb-fcd7c2c712e1
17,6,4,65f2b678-0fe3-41e5-b9d3-bfb852977878,capi djibouti pilot,4,18,12be4578-e63a-4fb4-9adb-fcd7c2c712e1
9,7,1,65f2b678-0fe3-41e5-b9d3-bfb852977878,capi djibouti pilot,14,6,12be4578-e63a-4fb4-9adb-fcd7c2c712e1
1,13,5,65f2b678-0fe3-41e5-b9d3-bfb852977878,capi djibouti pilot,6,17,12be4578-e63a-4fb4-9adb-fcd7c2c712e1
12,13,13,65f2b678-0fe3-41e5-b9d3-bfb852977878,capi djibouti pilot,17,15,12be4578-e63a-4fb4-9adb-fcd7c2c712e1
10,17,14,65f2b678-0fe3-41e5-b9d3-bfb852977878,capi djibouti pilot,13,13,12be4578-e63a-4fb4-9adb-fcd7c2c712e1
12,10,12,65f2b678-0fe3-41e5-b9d3-bfb852977878,capi djibouti pilot,10,8,12be4578-e63a-4fb4-9adb-fcd7c2c712e1
14,14,5,65f2b678-0fe3-41e5-b9d3-bfb852977878,capi djibouti pilot,5,9,12be4578-e63a-4fb4-9adb-fcd7c2c712e1
5,15,7,65f2b678-0fe3-41e5-b9d3-bfb852977878,capi djibouti pilot,3,5,12be4578-e63a-4fb4-9adb-fcd7c2c712e1
17,17,2,65f2b678-0fe3-41e5-b9d3-bfb852977878,capi djibouti pilot,15,16,12be4578-e63a-4fb4-9adb-fcd7c2c712e1
7,13,3,65f2b678-0fe3-41e5-b9d3-bfb852977878,capi djibouti pilot,7,13,12be4578-e63a-4fb4-9adb-fcd7c2c712e1
20,19,2,65f2b678-0fe3-41e5-b9d3-bfb852977878,capi djibouti pilot,13,18,12be4578-e63a-4fb4-9adb-fcd7c2c712e1
8,19,8,65f2b678-0fe3-41e5-b9d3-bfb852977878,capi djibouti pilot,6,17,12be4578-e63a-4fb4-9adb-fcd7c2c712e1
6,6,15,65f2b678-0fe3-41e5-b9d3-bfb852977878,capi djibouti pilot,9,13,12be4578-e63a-4fb4-9adb-fcd7c2c712e1
12,14,6,65f2b678-0fe3-41e5-b9d3-bfb852977878,capi djibouti pilot,3,3,12be4578-e63a-4fb4-9adb-fcd7c2c712e1
11,16,1,65f2b678-0fe3-41e5-b9d3-bfb852977878,capi djibouti pilot,19,7,12be4578-e63a-4fb4-9adb-fcd7c2c712e1
4,20,20,65f2b678-0fe3-41e5-b9d3-bfb852977878,capi djibouti pilot,16,12,12be4578-e63a-4fb4-9adb-fcd7c2c712e1
12,18,18,65f2b678-0fe3-41e5-b9d3-bfb852977878,capi djibouti pilot,19,19,12be4578-e63a-4fb4-9adb-fcd7c2c712e1
3,19,4,65f2b678-0fe3-41e5-b9d3-bfb852977878,capi djibouti pilot,10,2,12be4578-e63a-4fb4-9adb-fcd7c2c712e1
13,7,4,65f2b678-0fe3-41e5-b9d3-bfb852977878,capi djibouti pilot,12,16,12be4578-e63a-4fb4-9adb-fcd7c2c712e1
4,3,20,65f2b678-0fe3-41e5-b9d3-bfb852977878,capi djibouti pilot,20,9,12be4578-e63a-4fb4-9adb-fcd7c2c712e1
2,1,20,65f2b678-0fe3-41e5-b9d3-bfb852977878,capi djibouti pilot,5,9,12be4578-e63a-4fb4-9adb-fcd7c2c712e1
5,11,3,65f2b678-0fe3-41e5-b9d3-bfb852977878,capi djibouti pilot,8,5,12be4578-e63a-4fb4-9adb-fcd7c2c712e1
12,11,20,65f2b678-0fe3-41e5-b9d3-bfb852977878,capi djibouti pilot,4,17,12be4578-e63a-4fb4-9adb-fcd7c2c712e1
10,5,7,65f2b678-0fe3-41e5-b9d3-bfb852977878,capi djibouti pilot,5,16,12be4578-e63a-4fb4-9adb-fcd7c2c712e1
19,20,8,65f2b678-0fe3-41e5-b9d3-bfb852977878,capi djibouti pilot,4,15,12be4578-e63a-4fb4-9adb-fcd7c2c712e1
9,2,7,65f2b678-0fe3-41e5-b9d3-bfb852977878,capi djibouti pilot,20,3,12be4578-e63a-4fb4-9adb-fcd7c2c712e1
11,6,12,65f2b678-0fe3-41e5-b9d3-bfb852977878,capi djibouti pilot,3,8,12be4578-e63a-4fb4-9adb-fcd7c2c712e1
9,4,15,65f2b678-0fe3-41e5-b9d3-bfb852977878,capi djibouti pilot,19,8,12be4578-e63a-4fb4-9adb-fcd7c2c712e1
3,2,2,65f2b678-0fe3-41e5-b9d3-bfb852977878,capi djibouti pilot,5,13,12be4578-e63a-4fb4-9adb-fcd7c2c712e1
9,5,12,65f2b678-0fe3-41e5-b9d3-bfb852977878,capi djibouti pilot,6,12,12be4578-e63a-4fb4-9adb-fcd7c2c712e1
6,17,5,65f2b678-0fe3-41e5-b9d3-bfb852977878,capi djibouti pilot,8,19,12be4578-e63a-4fb4-9adb-fcd7c2c712e1
10,10,8,65f2b678-0fe3-41e5-b9d3-bfb852977878,capi djibouti pilot,17,14,12be4578-e63a-4fb4-9adb-fcd7c2c712e1
11,13,1,65f2b678-0fe3-41e5-b9d3-bfb852977878,capi djibouti pilot,8,1,12be4578-e63a-4fb4-9adb-fcd7c2c712e1
14,17,10,65f2b678-0fe3-41e5-b9d3-bfb852977878,capi djibouti pilot,16,15,12be4578-e63a-4fb4-9adb-fcd7c2c712e1
17,4,6,65f2b678-0fe3-41e5-b9d3-bfb852977878,capi djibouti pilot,10,8,12be4578-e63a-4fb4-9adb-fcd7c2c712e1
1,3,9,65f2b678-0fe3-41e5-b9d3-bfb852977878,capi djibouti pilot,5,10,12be4578-e63a-4fb4-9adb-fcd7c2c712e1
9,13,12,65f2b678-0fe3-41e5-b9d3-bfb852977878,capi djibouti pilot,18,13,12be4578-e63a-4fb4-9adb-fcd7c2c712e1
8,19,14,65f2b678-0fe3-41e5-b9d3-bfb852977878,capi djibouti pilot,10,17,12be4578-e63a-4fb4-9adb-fcd7c2c712e1
1,4,6,65f2b678-0fe3-41e5-b9d3-bfb852977878,capi djibouti pilot,14,16,12be4578-e63a-4fb4-9adb-fcd7c2c712e1
4,9,4,65f2b678-0fe3-41e5-b9d3-bfb852977878,capi djibouti pilot,9,5,12be4578-e63a-4fb4-9adb-fcd7c2c712e1
10,19,6,65f2b678-0fe3-41e5-b9d3-bfb852977878,capi djibouti pilot,17,12,12be4578-e63a-4fb4-9adb-fcd7c2c712e1
4,12,11,65f2b678-0fe3-41e5-b9d3-bfb852977878,capi djibouti pilot,2,4,12be4578-e63a-4fb4-9adb-fcd7c2c712e1
6,1,20,65f2b678-0fe3-41e5-b9d3-bfb852977878,capi djibouti pilot,10,19,12be4578-e63a-4fb4-9adb-fcd7c2c712e1
11,11,18,65f2b678-0fe3-41e5-b9d3-bfb852977878,capi djibouti pilot,7,5,12be4578-e63a-4fb4-9adb-fcd7c2c712e1
5,8,12,65f2b678-0fe3-41e5-b9d3-bfb852977878,capi djibouti pilot,6,7,12be4578-e63a-4fb4-9adb-fcd7c2c712e1
14,9,8,65f2b678-0fe3-41e5-b9d3-bfb852977878,capi djibouti pilot,1,4,12be4578-e63a-4fb4-9adb-fcd7c2c712e1
9,17,18,65f2b678-0fe3-41e5-b9d3-bfb852977878,capi djibouti pilot,20,2,12be4578-e63a-4fb4-9adb-fcd7c2c712e1
3,1,13,65f2b678-0fe3-41e5-b9d3-bfb852977878,capi djibouti pilot,11,5,12be4578-e63a-4fb4-9adb-fcd7c2c712e1
6,11,8,65f2b678-0fe3-41e5-b9d3-bfb852977878,capi djibouti pilot,15,18,12be4578-e63a-4fb4-9adb-fcd7c2c712e1
1,10,10,65f2b678-0fe3-41e5-b9d3-bfb852977878,capi djibouti pilot,18,19,12be4578-e63a-4fb4-9adb-fcd7c2c712e1
1,2,18,65f2b678-0fe3-41e5-b9d3-bfb852977878,capi djibouti pilot,6,1,12be4578-e63a-4fb4-9adb-fcd7c2c712e1
18,10,1,65f2b678-0fe3-41e5-b9d3-bfb852977878,capi djibouti pilot,5,11,12be4578-e63a-4fb4-9adb-fcd7c2c712e1
3,9,19,65f2b678-0fe3-41e5-b9d3-bfb852977878,capi djibouti pilot,20,2,12be4578-e63a-4fb4-9adb-fcd7c2c712e1
12,2,7,65f2b678-0fe3-41e5-b9d3-bfb852977878,capi djibouti pilot,13,14,12be4578-e63a-4fb4-9adb-fcd7c2c712e1
16,10,17,65f2b678-0fe3-41e5-b9d3-bfb852977878,capi djibouti pilot,2,16,12be4578-e63a-4fb4-9adb-fcd7c2c712e1
12,17,1,65f2b678-0fe3-41e5-b9d3-bfb852977878,capi djibouti pilot,10,8,12be4578-e63a-4fb4-9adb-fcd7c2c712e1
1,10,17,65f2b678-0fe3-41e5-b9d3-bfb852977878,capi djibouti pilot,6,14,12be4578-e63a-4fb4-9adb-fcd7c2c712e1
11,11,10,65f2b678-0fe3-41e5-b9d3-bfb852977878,capi djibouti pilot,12,6,12be4578-e63a-4fb4-9adb-fcd7c2c712e1
3,16,8,65f2b678-0fe3-41e5-b9d3-bfb852977878,capi djibouti pilot,10,11,12be4578-e63a-4fb4-9adb-fcd7c2c712e1
4,11,16,65f2b678-0fe3-41e5-b9d3-bfb852977878,capi djibouti pilot,16,8,12be4578-e63a-4fb4-9adb-fcd7c2c712e1
13,7,15,65f2b678-0fe3-41e5-b9d3-bfb852977878,capi djibouti pilot,1,12,12be4578-e63a-4fb4-9adb-fcd7c2c712e1
15,20,11,65f2b678-0fe3-41e5-b9d3-bfb852977878,capi djibouti pilot,8,15,12be4578-e63a-4fb4-9adb-fcd7c2c712e1
15,6,18,65f2b678-0fe3-41e5-b9d3-bfb852977878,capi djibouti pilot,3,14,12be4578-e63a-4fb4-9adb-fcd7c2c712e1
3,20,18,65f2b678-0fe3-41e5-b9d3-bfb852977878,capi djibouti pilot,4,12,12be4578-e63a-4fb4-9adb-fcd7c2c712e1
14,19,9,65f2b678-0fe3-41e5-b9d3-bfb852977878,capi djibouti pilot,9,13,12be4578-e63a-4fb4-9adb-fcd7c2c712e1
12,7,13,65f2b678-0fe3-41e5-b9d3-bfb852977878,capi djibouti pilot,7,16,12be4578-e63a-4fb4-9adb-fcd7c2c712e1
20,1,8,65f2b678-0fe3-41e5-b9d3-bfb852977878,capi djibouti pilot,9,2,12be4578-e63a-4fb4-9adb-fcd7c2c712e1
5,19,19,65f2b678-0fe3-41e5-b9d3-bfb852977878,capi djibouti pilot,5,18,12be4578-e63a-4fb4-9adb-fcd7c2c712e1
7,11,14,65f2b678-0fe3-41e5-b9d3-bfb852977878,capi djibouti pilot,15,15,12be4578-e63a-4fb4-9adb-fcd7c2c712e1
4,11,17,65f2b678-0fe3-41e5-b9d3-bfb852977878,capi djibouti pilot,7,19,12be4578-e63a-4fb4-9adb-fcd7c2c712e1
1,6,14,65f2b678-0fe3-41e5-b9d3-bfb852977878,capi djibouti pilot,19,6,12be4578-e63a-4fb4-9adb-fcd7c2c712e1
12,10,2,65f2b678-0fe3-41e5-b9d3-bfb852977878,capi djibouti pilot,19,8,12be4578-e63a-4fb4-9adb-fcd7c2c712e1
1,18,12,65f2b678-0fe3-41e5-b9d3-bfb852977878,capi djibouti pilot,19,3,12be4578-e63a-4fb4-9adb-fcd7c2c712e1
3,2,4,65f2b678-0fe3-41e5-b9d3-bfb852977878,capi djibouti pilot,15,14,12be4578-e63a-4fb4-9adb-fcd7c2c712e1
1,17,13,65f2b678-0fe3-41e5-b9d3-bfb852977878,capi djibouti pilot,11,5,12be4578-e63a-4fb4-9adb-fcd7c2c712e1
2,5,9,65f2b678-0fe3-41e5-b9d3-bfb852977878,capi djibouti pilot,9,8,12be4578-e63a-4fb4-9adb-fcd7c2c712e1
11,5,2,65f2b678-0fe3-41e5-b9d3-bfb852977878,capi djibouti pilot,6,15,12be4578-e63a-4fb4-9adb-fcd7c2c712e1
14,8,16,65f2b678-0fe3-41e5-b9d3-bfb852977878,capi djibouti pilot,4,10,12be4578-e63a-4fb4-9adb-fcd7c2c712e1
14,3,9,65f2b678-0fe3-41e5-b9d3-bfb852977878,capi djibouti pilot,19,8,12be4578-e63a-4fb4-9adb-fcd7c2c712e1
6,19,15,65f2b678-0fe3-41e5-b9d3-bfb852977878,capi djibouti pilot,7,15,12be4578-e63a-4fb4-9adb-fcd7c2c712e1
5,19,19,65f2b678-0fe3-41e5-b9d3-bfb852977878,capi djibouti pilot,8,13,12be4578-e63a-4fb4-9adb-fcd7c2c712e1
5,16,5,65f2b678-0fe3-41e5-b9d3-bfb852977878,capi djibouti pilot,12,18,12be4578-e63a-4fb4-9adb-fcd7c2c712e1
6,3,14,65f2b678-0fe3-41e5-b9d3-bfb852977878,capi djibouti pilot,3,9,12be4578-e63a-4fb4-9adb-fcd7c2c712e1
5,20,5,65f2b678-0fe3-41e5-b9d3-bfb852977878,capi djibouti pilot,10,20,12be4578-e63a-4fb4-9adb-fcd7c2c712e1
17,18,8,65f2b678-0fe3-41e5-b9d3-bfb852977878,capi djibouti pilot,16,3,12be4578-e63a-4fb4-9adb-fcd7c2c712e1
13,7,9,7fef8995-c253-4111-8de6-096a2f2262df,capi djibouti pilot,16,19,12be4578-e63a-4fb4-9adb-fcd7c2c712e1
9,14,4,7fef8995-c253-4111-8de6-096a2f2262df,capi djibouti pilot,18,12,12be4578-e63a-4fb4-9adb-fcd7c2c712e1
1,12,19,7fef8995-c253-4111-8de6-096a2f2262df,capi djibouti pilot,13,9,12be4578-e63a-4fb4-9adb-fcd7c2c712e1
6,7,4,7fef8995-c253-4111-8de6-096a2f2262df,capi djibouti pilot,10,12,12be4578-e63a-4fb4-9adb-fcd7c2c712e1
13,6,11,7fef8995-c253-4111-8de6-096a2f2262df,capi djibouti pilot,20,11,12be4578-e63a-4fb4-9adb-fcd7c2c712e1
18,8,11,7fef8995-c253-4111-8de6-096a2f2262df,capi djibouti pilot,11,16,12be4578-e63a-4fb4-9adb-fcd7c2c712e1
14,15,15,7fef8995-c253-4111-8de6-096a2f2262df,capi djibouti pilot,19,13,12be4578-e63a-4fb4-9adb-fcd7c2c712e1
18,13,8,7fef8995-c253-4111-8de6-096a2f2262df,capi djibouti pilot,7,2,12be4578-e63a-4fb4-9adb-fcd7c2c712e1
14,1,9,7fef8995-c253-4111-8de6-096a2f2262df,capi djibouti pilot,14,8,12be4578-e63a-4fb4-9adb-fcd7c2c712e1
20,9,1,7fef8995-c253-4111-8de6-096a2f2262df,capi djibouti pilot,15,14,12be4578-e63a-4fb4-9adb-fcd7c2c712e1
8,2,13,7fef8995-c253-4111-8de6-096a2f2262df,capi djibouti pilot,5,7,12be4578-e63a-4fb4-9adb-fcd7c2c712e1
19,2,4,7fef8995-c253-4111-8de6-096a2f2262df,capi djibouti pilot,16,8,12be4578-e63a-4fb4-9adb-fcd7c2c712e1
12,3,10,7fef8995-c253-4111-8de6-096a2f2262df,capi djibouti pilot,5,6,12be4578-e63a-4fb4-9adb-fcd7c2c712e1
2,11,9,7fef8995-c253-4111-8de6-096a2f2262df,capi djibouti pilot,10,8,12be4578-e63a-4fb4-9adb-fcd7c2c712e1
7,6,1,7fef8995-c253-4111-8de6-096a2f2262df,capi djibouti pilot,4,8,12be4578-e63a-4fb4-9adb-fcd7c2c712e1
20,3,9,7fef8995-c253-4111-8de6-096a2f2262df,capi djibouti pilot,19,16,12be4578-e63a-4fb4-9adb-fcd7c2c712e1
4,5,20,7fef8995-c253-4111-8de6-096a2f2262df,capi djibouti pilot,4,14,12be4578-e63a-4fb4-9adb-fcd7c2c712e1
12,3,17,7fef8995-c253-4111-8de6-096a2f2262df,capi djibouti pilot,12,14,12be4578-e63a-4fb4-9adb-fcd7c2c712e1
4,20,6,7fef8995-c253-4111-8de6-096a2f2262df,capi djibouti pilot,19,10,12be4578-e63a-4fb4-9adb-fcd7c2c712e1
17,7,7,7fef8995-c253-4111-8de6-096a2f2262df,capi djibouti pilot,19,10,12be4578-e63a-4fb4-9adb-fcd7c2c712e1
16,14,12,7fef8995-c253-4111-8de6-096a2f2262df,capi djibouti pilot,1,12,12be4578-e63a-4fb4-9adb-fcd7c2c712e1
4,8,11,7fef8995-c253-4111-8de6-096a2f2262df,capi djibouti pilot,9,10,12be4578-e63a-4fb4-9adb-fcd7c2c712e1
12,11,5,7fef8995-c253-4111-8de6-096a2f2262df,capi djibouti pilot,6,12,12be4578-e63a-4fb4-9adb-fcd7c2c712e1
11,1,10,7fef8995-c253-4111-8de6-096a2f2262df,capi djibouti pilot,8,15,12be4578-e63a-4fb4-9adb-fcd7c2c712e1
16,2,17,7fef8995-c253-4111-8de6-096a2f2262df,capi djibouti pilot,20,20,12be4578-e63a-4fb4-9adb-fcd7c2c712e1
6,3,1,7fef8995-c253-4111-8de6-096a2f2262df,capi djibouti pilot,16,10,12be4578-e63a-4fb4-9adb-fcd7c2c712e1
10,4,17,7fef8995-c253-4111-8de6-096a2f2262df,capi djibouti pilot,12,13,12be4578-e63a-4fb4-9adb-fcd7c2c712e1
4,9,8,7fef8995-c253-4111-8de6-096a2f2262df,capi djibouti pilot,20,5,12be4578-e63a-4fb4-9adb-fcd7c2c712e1
16,16,5,7fef8995-c253-4111-8de6-096a2f2262df,capi djibouti pilot,2,17,12be4578-e63a-4fb4-9adb-fcd7c2c712e1
16,5,1,7fef8995-c253-4111-8de6-096a2f2262df,capi djibouti pilot,3,18,12be4578-e63a-4fb4-9adb-fcd7c2c712e1
3,17,15,7fef8995-c253-4111-8de6-096a2f2262df,capi djibouti pilot,3,6,12be4578-e63a-4fb4-9adb-fcd7c2c712e1
6,17,19,7fef8995-c253-4111-8de6-096a2f2262df,capi djibouti pilot,17,5,12be4578-e63a-4fb4-9adb-fcd7c2c712e1
16,20,10,7fef8995-c253-4111-8de6-096a2f2262df,capi djibouti pilot,7,18,12be4578-e63a-4fb4-9adb-fcd7c2c712e1
5,3,3,7fef8995-c253-4111-8de6-096a2f2262df,capi djibouti pilot,14,18,12be4578-e63a-4fb4-9adb-fcd7c2c712e1
3,19,2,7fef8995-c253-4111-8de6-096a2f2262df,capi djibouti pilot,9,18,12be4578-e63a-4fb4-9adb-fcd7c2c712e1
20,3,15,7fef8995-c253-4111-8de6-096a2f2262df,capi djibouti pilot,7,12,12be4578-e63a-4fb4-9adb-fcd7c2c712e1
11,1,9,7fef8995-c253-4111-8de6-096a2f2262df,capi djibouti pilot,14,7,12be4578-e63a-4fb4-9adb-fcd7c2c712e1
6,8,17,7fef8995-c253-4111-8de6-096a2f2262df,capi djibouti pilot,19,13,12be4578-e63a-4fb4-9adb-fcd7c2c712e1
11,16,15,7fef8995-c253-4111-8de6-096a2f2262df,capi djibouti pilot,17,3,12be4578-e63a-4fb4-9adb-fcd7c2c712e1
8,14,5,7fef8995-c253-4111-8de6-096a2f2262df,capi djibouti pilot,6,10,12be4578-e63a-4fb4-9adb-fcd7c2c712e1
5,4,14,7fef8995-c253-4111-8de6-096a2f2262df,capi djibouti pilot,14,1,12be4578-e63a-4fb4-9adb-fcd7c2c712e1
13,8,16,7fef8995-c253-4111-8de6-096a2f2262df,capi djibouti pilot,15,20,12be4578-e63a-4fb4-9adb-fcd7c2c712e1
17,17,18,7fef8995-c253-4111-8de6-096a2f2262df,capi djibouti pilot,17,13,12be4578-e63a-4fb4-9adb-fcd7c2c712e1
10,12,9,7fef8995-c253-4111-8de6-096a2f2262df,capi djibouti pilot,11,15,12be4578-e63a-4fb4-9adb-fcd7c2c712e1
6,10,5,7fef8995-c253-4111-8de6-096a2f2262df,capi djibouti pilot,16,3,12be4578-e63a-4fb4-9adb-fcd7c2c712e1
20,1,2,7fef8995-c253-4111-8de6-096a2f2262df,capi djibouti pilot,7,8,12be4578-e63a-4fb4-9adb-fcd7c2c712e1
20,19,9,7fef8995-c253-4111-8de6-096a2f2262df,capi djibouti pilot,9,2,12be4578-e63a-4fb4-9adb-fcd7c2c712e1
4,17,14,7fef8995-c253-4111-8de6-096a2f2262df,capi djibouti pilot,1,18,12be4578-e63a-4fb4-9adb-fcd7c2c712e1
5,19,13,7fef8995-c253-4111-8de6-096a2f2262df,capi djibouti pilot,12,11,12be4578-e63a-4fb4-9adb-fcd7c2c712e1
11,20,19,7fef8995-c253-4111-8de6-096a2f2262df,capi djibouti pilot,6,10,12be4578-e63a-4fb4-9adb-fcd7c2c712e1
20,4,15,7fef8995-c253-4111-8de6-096a2f2262df,capi djibouti pilot,11,4,12be4578-e63a-4fb4-9adb-fcd7c2c712e1
19,15,2,7fef8995-c253-4111-8de6-096a2f2262df,capi djibouti pilot,14,19,6528129e-ee94-4c33-b5d0-55bd7d91af41
19,4,20,7fef8995-c253-4111-8de6-096a2f2262df,capi djibouti pilot,17,7,6528129e-ee94-4c33-b5d0-55bd7d91af41
3,16,20,7fef8995-c253-4111-8de6-096a2f2262df,capi djibouti pilot,6,20,6528129e-ee94-4c33-b5d0-55bd7d91af41
1,7,5,7fef8995-c253-4111-8de6-096a2f2262df,capi djibouti pilot,12,4,6528129e-ee94-4c33-b5d0-55bd7d91af41
11,11,13,7fef8995-c253-4111-8de6-096a2f2262df,capi djibouti pilot,14,18,6528129e-ee94-4c33-b5d0-55bd7d91af41
11,18,4,7fef8995-c253-4111-8de6-096a2f2262df,capi djibouti pilot,13,10,6528129e-ee94-4c33-b5d0-55bd7d91af41
7,18,12,7fef8995-c253-4111-8de6-096a2f2262df,capi djibouti pilot,20,18,6528129e-ee94-4c33-b5d0-55bd7d91af41
15,14,19,7fef8995-c253-4111-8de6-096a2f2262df,capi djibouti pilot,16,18,6528129e-ee94-4c33-b5d0-55bd7d91af41
9,18,6,7fef8995-c253-4111-8de6-096a2f2262df,capi djibouti pilot,7,12,6528129e-ee94-4c33-b5d0-55bd7d91af41
15,19,7,7fef8995-c253-4111-8de6-096a2f2262df,capi djibouti pilot,10,8,6528129e-ee94-4c33-b5d0-55bd7d91af41
3,7,19,7fef8995-c253-4111-8de6-096a2f2262df,capi djibouti pilot,14,20,6528129e-ee94-4c33-b5d0-55bd7d91af41
10,1,1,7fef8995-c253-4111-8de6-096a2f2262df,capi djibouti pilot,11,2,6528129e-ee94-4c33-b5d0-55bd7d91af41
16,1,2,7fef8995-c253-4111-8de6-096a2f2262df,capi djibouti pilot,6,8,6528129e-ee94-4c33-b5d0-55bd7d91af41
12,7,10,7fef8995-c253-4111-8de6-096a2f2262df,capi djibouti pilot,10,10,6528129e-ee94-4c33-b5d0-55bd7d91af41
10,5,18,7fef8995-c253-4111-8de6-096a2f2262df,capi djibouti pilot,1,17,6528129e-ee94-4c33-b5d0-55bd7d91af41
16,8,4,7fef8995-c253-4111-8de6-096a2f2262df,capi djibouti pilot,12,19,6528129e-ee94-4c33-b5d0-55bd7d91af41
11,7,13,7fef8995-c253-4111-8de6-096a2f2262df,capi djibouti pilot,5,19,6528129e-ee94-4c33-b5d0-55bd7d91af41
1,3,2,7fef8995-c253-4111-8de6-096a2f2262df,capi djibouti pilot,6,1,6528129e-ee94-4c33-b5d0-55bd7d91af41
2,4,13,7fef8995-c253-4111-8de6-096a2f2262df,capi djibouti pilot,15,10,6528129e-ee94-4c33-b5d0-55bd7d91af41
14,19,6,7fef8995-c253-4111-8de6-096a2f2262df,capi djibouti pilot,2,15,6528129e-ee94-4c33-b5d0-55bd7d91af41
7,6,12,7fef8995-c253-4111-8de6-096a2f2262df,capi djibouti pilot,19,19,6528129e-ee94-4c33-b5d0-55bd7d91af41
10,3,17,7fef8995-c253-4111-8de6-096a2f2262df,capi djibouti pilot,19,15,6528129e-ee94-4c33-b5d0-55bd7d91af41
4,1,15,7fef8995-c253-4111-8de6-096a2f2262df,capi djibouti pilot,19,9,6528129e-ee94-4c33-b5d0-55bd7d91af41
1,6,6,7fef8995-c253-4111-8de6-096a2f2262df,capi djibouti pilot,13,6,6528129e-ee94-4c33-b5d0-55bd7d91af41
17,17,13,7fef8995-c253-4111-8de6-096a2f2262df,capi djibouti pilot,9,16,6528129e-ee94-4c33-b5d0-55bd7d91af41
1,19,16,7fef8995-c253-4111-8de6-096a2f2262df,capi djibouti pilot,17,11,6528129e-ee94-4c33-b5d0-55bd7d91af41
9,20,15,7fef8995-c253-4111-8de6-096a2f2262df,capi djibouti pilot,9,16,6528129e-ee94-4c33-b5d0-55bd7d91af41
3,2,19,7fef8995-c253-4111-8de6-096a2f2262df,capi djibouti pilot,19,11,6528129e-ee94-4c33-b5d0-55bd7d91af41
12,10,18,7fef8995-c253-4111-8de6-096a2f2262df,capi djibouti pilot,11,16,6528129e-ee94-4c33-b5d0-55bd7d91af41
19,4,18,7fef8995-c253-4111-8de6-096a2f2262df,capi djibouti pilot,1,18,6528129e-ee94-4c33-b5d0-55bd7d91af41
3,12,13,7fef8995-c253-4111-8de6-096a2f2262df,capi djibouti pilot,20,18,6528129e-ee94-4c33-b5d0-55bd7d91af41
12,6,16,7fef8995-c253-4111-8de6-096a2f2262df,capi djibouti pilot,19,10,6528129e-ee94-4c33-b5d0-55bd7d91af41
9,20,3,7fef8995-c253-4111-8de6-096a2f2262df,capi djibouti pilot,13,2,6528129e-ee94-4c33-b5d0-55bd7d91af41
7,12,13,7fef8995-c253-4111-8de6-096a2f2262df,capi djibouti pilot,18,18,6528129e-ee94-4c33-b5d0-55bd7d91af41
15,3,10,7fef8995-c253-4111-8de6-096a2f2262df,capi djibouti pilot,1,14,6528129e-ee94-4c33-b5d0-55bd7d91af41
8,12,4,7fef8995-c253-4111-8de6-096a2f2262df,capi djibouti pilot,4,5,6528129e-ee94-4c33-b5d0-55bd7d91af41
13,6,6,7fef8995-c253-4111-8de6-096a2f2262df,capi djibouti pilot,17,5,6528129e-ee94-4c33-b5d0-55bd7d91af41
5,12,9,7fef8995-c253-4111-8de6-096a2f2262df,capi djibouti pilot,12,16,6528129e-ee94-4c33-b5d0-55bd7d91af41
18,3,15,7fef8995-c253-4111-8de6-096a2f2262df,capi djibouti pilot,2,8,6528129e-ee94-4c33-b5d0-55bd7d91af41
14,9,2,7fef8995-c253-4111-8de6-096a2f2262df,capi djibouti pilot,16,5,6528129e-ee94-4c33-b5d0-55bd7d91af41
16,16,15,7fef8995-c253-4111-8de6-096a2f2262df,capi djibouti pilot,6,2,6528129e-ee94-4c33-b5d0-55bd7d91af41
10,12,7,7fef8995-c253-4111-8de6-096a2f2262df,capi djibouti pilot,4,2,6528129e-ee94-4c33-b5d0-55bd7d91af41
5,3,1,7fef8995-c253-4111-8de6-096a2f2262df,capi djibouti pilot,16,16,6528129e-ee94-4c33-b5d0-55bd7d91af41
12,1,9,7fef8995-c253-4111-8de6-096a2f2262df,capi djibouti pilot,4,9,6528129e-ee94-4c33-b5d0-55bd7d91af41
13,14,11,7fef8995-c253-4111-8de6-096a2f2262df,capi djibouti pilot,16,10,6528129e-ee94-4c33-b5d0-55bd7d91af41
18,14,8,7fef8995-c253-4111-8de6-096a2f2262df,capi djibouti pilot,8,19,6528129e-ee94-4c33-b5d0-55bd7d91af41
1,4,15,7fef8995-c253-4111-8de6-096a2f2262df,capi djibouti pilot,18,4,6528129e-ee94-4c33-b5d0-55bd7d91af41
11,12,3,7fef8995-c253-4111-8de6-096a2f2262df,capi djibouti pilot,3,1,6528129e-ee94-4c33-b5d0-55bd7d91af41
11,2,18,7fef8995-c253-4111-8de6-096a2f2262df,capi djibouti pilot,2,13,6528129e-ee94-4c33-b5d0-55bd7d91af41
7,2,3,7fef8995-c253-4111-8de6-096a2f2262df,capi djibouti pilot,20,18,6528129e-ee94-4c33-b5d0-55bd7d91af41
1,4,16,36cdd42d-ede2-469d-841b-eb0216006a8f,capi djibouti pilot,2,4,6528129e-ee94-4c33-b5d0-55bd7d91af41
14,10,4,36cdd42d-ede2-469d-841b-eb0216006a8f,capi djibouti pilot,13,9,6528129e-ee94-4c33-b5d0-55bd7d91af41
11,10,13,36cdd42d-ede2-469d-841b-eb0216006a8f,capi djibouti pilot,4,10,6528129e-ee94-4c33-b5d0-55bd7d91af41
6,3,6,36cdd42d-ede2-469d-841b-eb0216006a8f,capi djibouti pilot,2,8,6528129e-ee94-4c33-b5d0-55bd7d91af41
11,19,11,36cdd42d-ede2-469d-841b-eb0216006a8f,capi djibouti pilot,5,15,6528129e-ee94-4c33-b5d0-55bd7d91af41
14,10,2,36cdd42d-ede2-469d-841b-eb0216006a8f,capi djibouti pilot,5,5,6528129e-ee94-4c33-b5d0-55bd7d91af41
1,16,4,36cdd42d-ede2-469d-841b-eb0216006a8f,capi djibouti pilot,4,2,6528129e-ee94-4c33-b5d0-55bd7d91af41
18,2,1,36cdd42d-ede2-469d-841b-eb0216006a8f,capi djibouti pilot,2,18,6528129e-ee94-4c33-b5d0-55bd7d91af41
10,12,10,36cdd42d-ede2-469d-841b-eb0216006a8f,capi djibouti pilot,15,9,6528129e-ee94-4c33-b5d0-55bd7d91af41
2,16,4,36cdd42d-ede2-469d-841b-eb0216006a8f,capi djibouti pilot,2,10,6528129e-ee94-4c33-b5d0-55bd7d91af41
1,1,17,36cdd42d-ede2-469d-841b-eb0216006a8f,capi djibouti pilot,12,15,6528129e-ee94-4c33-b5d0-55bd7d91af41
3,7,14,36cdd42d-ede2-469d-841b-eb0216006a8f,capi djibouti pilot,14,15,6528129e-ee94-4c33-b5d0-55bd7d91af41
14,2,14,36cdd42d-ede2-469d-841b-eb0216006a8f,capi djibouti pilot,6,13,6528129e-ee94-4c33-b5d0-55bd7d91af41
5,10,11,36cdd42d-ede2-469d-841b-eb0216006a8f,capi djibouti pilot,11,8,6528129e-ee94-4c33-b5d0-55bd7d91af41
17,12,2,36cdd42d-ede2-469d-841b-eb0216006a8f,capi djibouti pilot,7,2,6528129e-ee94-4c33-b5d0-55bd7d91af41
4,9,18,36cdd42d-ede2-469d-841b-eb0216006a8f,capi djibouti pilot,19,7,6528129e-ee94-4c33-b5d0-55bd7d91af41
12,19,2,36cdd42d-ede2-469d-841b-eb0216006a8f,capi djibouti pilot,1,4,6528129e-ee94-4c33-b5d0-55bd7d91af41
10,17,10,36cdd42d-ede2-469d-841b-eb0216006a8f,capi djibouti pilot,3,19,6528129e-ee94-4c33-b5d0-55bd7d91af41
13,4,7,36cdd42d-ede2-469d-841b-eb0216006a8f,capi djibouti pilot,1,6,6528129e-ee94-4c33-b5d0-55bd7d91af41
12,10,14,36cdd42d-ede2-469d-841b-eb0216006a8f,capi djibouti pilot,1,8,6528129e-ee94-4c33-b5d0-55bd7d91af41
18,9,16,36cdd42d-ede2-469d-841b-eb0216006a8f,capi djibouti pilot,6,17,6528129e-ee94-4c33-b5d0-55bd7d91af41
10,18,10,36cdd42d-ede2-469d-841b-eb0216006a8f,capi djibouti pilot,12,13,6528129e-ee94-4c33-b5d0-55bd7d91af41
19,9,8,36cdd42d-ede2-469d-841b-eb0216006a8f,capi djibouti pilot,16,20,6528129e-ee94-4c33-b5d0-55bd7d91af41
6,18,17,36cdd42d-ede2-469d-841b-eb0216006a8f,capi djibouti pilot,18,18,6528129e-ee94-4c33-b5d0-55bd7d91af41
4,16,19,36cdd42d-ede2-469d-841b-eb0216006a8f,capi djibouti pilot,4,1,6528129e-ee94-4c33-b5d0-55bd7d91af41
15,9,1,36cdd42d-ede2-469d-841b-eb0216006a8f,capi djibouti pilot,9,8,6528129e-ee94-4c33-b5d0-55bd7d91af41
1,16,3,36cdd42d-ede2-469d-841b-eb0216006a8f,capi djibouti pilot,15,20,6528129e-ee94-4c33-b5d0-55bd7d91af41
9,16,17,36cdd42d-ede2-469d-841b-eb0216006a8f,capi djibouti pilot,10,15,6528129e-ee94-4c33-b5d0-55bd7d91af41
15,18,11,36cdd42d-ede2-469d-841b-eb0216006a8f,capi djibouti pilot,9,8,6528129e-ee94-4c33-b5d0-55bd7d91af41
12,2,15,36cdd42d-ede2-469d-841b-eb0216006a8f,capi djibouti pilot,18,7,6528129e-ee94-4c33-b5d0-55bd7d91af41
10,3,18,36cdd42d-ede2-469d-841b-eb0216006a8f,capi djibouti pilot,15,9,6528129e-ee94-4c33-b5d0-55bd7d91af41
8,14,9,36cdd42d-ede2-469d-841b-eb0216006a8f,capi djibouti pilot,7,4,6528129e-ee94-4c33-b5d0-55bd7d91af41
18,8,13,36cdd42d-ede2-469d-841b-eb0216006a8f,capi djibouti pilot,14,2,6528129e-ee94-4c33-b5d0-55bd7d91af41
18,14,15,36cdd42d-ede2-469d-841b-eb0216006a8f,capi djibouti pilot,1,9,6528129e-ee94-4c33-b5d0-55bd7d91af41
15,2,12,36cdd42d-ede2-469d-841b-eb0216006a8f,capi djibouti pilot,5,1,6528129e-ee94-4c33-b5d0-55bd7d91af41
15,19,18,36cdd42d-ede2-469d-841b-eb0216006a8f,capi djibouti pilot,1,12,6528129e-ee94-4c33-b5d0-55bd7d91af41
9,1,10,36cdd42d-ede2-469d-841b-eb0216006a8f,capi djibouti pilot,2,2,6528129e-ee94-4c33-b5d0-55bd7d91af41
4,9,18,36cdd42d-ede2-469d-841b-eb0216006a8f,capi djibouti pilot,5,16,6528129e-ee94-4c33-b5d0-55bd7d91af41
3,12,2,36cdd42d-ede2-469d-841b-eb0216006a8f,capi djibouti pilot,20,19,6528129e-ee94-4c33-b5d0-55bd7d91af41
18,20,12,36cdd42d-ede2-469d-841b-eb0216006a8f,capi djibouti pilot,15,2,6528129e-ee94-4c33-b5d0-55bd7d91af41
12,11,3,36cdd42d-ede2-469d-841b-eb0216006a8f,capi djibouti pilot,16,1,6528129e-ee94-4c33-b5d0-55bd7d91af41
16,13,18,36cdd42d-ede2-469d-841b-eb0216006a8f,capi djibouti pilot,6,3,6528129e-ee94-4c33-b5d0-55bd7d91af41
5,6,7,36cdd42d-ede2-469d-841b-eb0216006a8f,capi djibouti pilot,9,19,6528129e-ee94-4c33-b5d0-55bd7d91af41
10,2,11,36cdd42d-ede2-469d-841b-eb0216006a8f,capi djibouti pilot,8,19,6528129e-ee94-4c33-b5d0-55bd7d91af41
13,5,5,36cdd42d-ede2-469d-841b-eb0216006a8f,capi djibouti pilot,3,15,6528129e-ee94-4c33-b5d0-55bd7d91af41
6,2,2,36cdd42d-ede2-469d-841b-eb0216006a8f,capi djibouti pilot,2,5,6528129e-ee94-4c33-b5d0-55bd7d91af41
11,2,3,36cdd42d-ede2-469d-841b-eb0216006a8f,capi djibouti pilot,5,7,6528129e-ee94-4c33-b5d0-55bd7d91af41
9,19,14,36cdd42d-ede2-469d-841b-eb0216006a8f,capi djibouti pilot,8,14,6528129e-ee94-4c33-b5d0-55bd7d91af41
20,3,6,36cdd42d-ede2-469d-841b-eb0216006a8f,capi djibouti pilot,1,11,6528129e-ee94-4c33-b5d0-55bd7d91af41
3,18,14,36cdd42d-ede2-469d-841b-eb0216006a8f,capi djibouti pilot,11,15,6528129e-ee94-4c33-b5d0-55bd7d91af41
18,18,16,36cdd42d-ede2-469d-841b-eb0216006a8f,capi djibouti pilot,17,7,6528129e-ee94-4c33-b5d0-55bd7d91af41
12,4,7,36cdd42d-ede2-469d-841b-eb0216006a8f,capi djibouti pilot,13,2,6528129e-ee94-4c33-b5d0-55bd7d91af41
16,18,4,36cdd42d-ede2-469d-841b-eb0216006a8f,capi djibouti pilot,8,7,6528129e-ee94-4c33-b5d0-55bd7d91af41
15,1,10,36cdd42d-ede2-469d-841b-eb0216006a8f,capi djibouti pilot,3,8,6528129e-ee94-4c33-b5d0-55bd7d91af41
18,3,17,36cdd42d-ede2-469d-841b-eb0216006a8f,capi djibouti pilot,1,13,6528129e-ee94-4c33-b5d0-55bd7d91af41
5,19,15,36cdd42d-ede2-469d-841b-eb0216006a8f,capi djibouti pilot,15,16,6528129e-ee94-4c33-b5d0-55bd7d91af41
5,11,13,36cdd42d-ede2-469d-841b-eb0216006a8f,capi djibouti pilot,5,6,6528129e-ee94-4c33-b5d0-55bd7d91af41
9,5,16,36cdd42d-ede2-469d-841b-eb0216006a8f,capi djibouti pilot,3,16,6528129e-ee94-4c33-b5d0-55bd7d91af41
2,1,18,36cdd42d-ede2-469d-841b-eb0216006a8f,capi djibouti pilot,10,3,6528129e-ee94-4c33-b5d0-55bd7d91af41
9,8,10,36cdd42d-ede2-469d-841b-eb0216006a8f,capi djibouti pilot,2,16,6528129e-ee94-4c33-b5d0-55bd7d91af41
19,3,8,36cdd42d-ede2-469d-841b-eb0216006a8f,capi djibouti pilot,10,2,6528129e-ee94-4c33-b5d0-55bd7d91af41
2,18,16,36cdd42d-ede2-469d-841b-eb0216006a8f,capi djibouti pilot,3,11,6528129e-ee94-4c33-b5d0-55bd7d91af41
8,19,18,36cdd42d-ede2-469d-841b-eb0216006a8f,capi djibouti pilot,7,1,6528129e-ee94-4c33-b5d0-55bd7d91af41
8,11,12,36cdd42d-ede2-469d-841b-eb0216006a8f,capi djibouti pilot,8,1,6528129e-ee94-4c33-b5d0-55bd7d91af41
16,4,13,36cdd42d-ede2-469d-841b-eb0216006a8f,capi djibouti pilot,20,4,6528129e-ee94-4c33-b5d0-55bd7d91af41
12,17,1,36cdd42d-ede2-469d-841b-eb0216006a8f,capi djibouti pilot,4,1,6528129e-ee94-4c33-b5d0-55bd7d91af41
1,17,17,36cdd42d-ede2-469d-841b-eb0216006a8f,capi djibouti pilot,3,17,6528129e-ee94-4c33-b5d0-55bd7d91af41
13,5,1,36cdd42d-ede2-469d-841b-eb0216006a8f,capi djibouti pilot,8,8,6528129e-ee94-4c33-b5d0-55bd7d91af41
13,7,17,36cdd42d-ede2-469d-841b-eb0216006a8f,capi djibouti pilot,3,2,6528129e-ee94-4c33-b5d0-55bd7d91af41
17,19,6,36cdd42d-ede2-469d-841b-eb0216006a8f,capi djibouti pilot,20,4,6528129e-ee94-4c33-b5d0-55bd7d91af41
13,6,20,36cdd42d-ede2-469d-841b-eb0216006a8f,capi djibouti pilot,10,2,6528129e-ee94-4c33-b5d0-55bd7d91af41
10,2,9,36cdd42d-ede2-469d-841b-eb0216006a8f,capi djibouti pilot,7,12,6528129e-ee94-4c33-b5d0-55bd7d91af41
5,9,19,36cdd42d-ede2-469d-841b-eb0216006a8f,capi djibouti pilot,19,3,6528129e-ee94-4c33-b5d0-55bd7d91af41
7,12,15,36cdd42d-ede2-469d-841b-eb0216006a8f,capi djibouti pilot,1,13,6528129e-ee94-4c33-b5d0-55bd7d91af41
9,17,16,36cdd42d-ede2-469d-841b-eb0216006a8f,capi djibouti pilot,9,8,6528129e-ee94-4c33-b5d0-55bd7d91af41
5,17,2,36cdd42d-ede2-469d-841b-eb0216006a8f,capi djibouti pilot,18,19,6528129e-ee94-4c33-b5d0-55bd7d91af41
17,9,20,36cdd42d-ede2-469d-841b-eb0216006a8f,capi djibouti pilot,14,16,6528129e-ee94-4c33-b5d0-55bd7d91af41
4,20,3,36cdd42d-ede2-469d-841b-eb0216006a8f,capi djibouti pilot,13,16,6528129e-ee94-4c33-b5d0-55bd7d91af41
4,10,5,36cdd42d-ede2-469d-841b-eb0216006a8f,capi djibouti pilot,19,5,6528129e-ee94-4c33-b5d0-55bd7d91af41
19,7,3,36cdd42d-ede2-469d-841b-eb0216006a8f,capi djibouti pilot,16,2,6528129e-ee94-4c33-b5d0-55bd7d91af41
9,9,16,36cdd42d-ede2-469d-841b-eb0216006a8f,capi djibouti pilot,15,20,6528129e-ee94-4c33-b5d0-55bd7d91af41
8,8,16,36cdd42d-ede2-469d-841b-eb0216006a8f,capi djibouti pilot,17,12,6528129e-ee94-4c33-b5d0-55bd7d91af41
4,3,8,36cdd42d-ede2-469d-841b-eb0216006a8f,capi djibouti pilot,13,13,6528129e-ee94-4c33-b5d0-55bd7d91af41
16,13,7,36cdd42d-ede2-469d-841b-eb0216006a8f,capi djibouti pilot,19,8,6528129e-ee94-4c33-b5d0-55bd7d91af41
15,11,4,36cdd42d-ede2-469d-841b-eb0216006a8f,capi djibouti pilot,5,13,6528129e-ee94-4c33-b5d0-55bd7d91af41
14,6,6,36cdd42d-ede2-469d-841b-eb0216006a8f,capi djibouti pilot,13,1,6528129e-ee94-4c33-b5d0-55bd7d91af41
13,6,4,36cdd42d-ede2-469d-841b-eb0216006a8f,capi djibouti pilot,19,7,6528129e-ee94-4c33-b5d0-55bd7d91af41
7,6,14,36cdd42d-ede2-469d-841b-eb0216006a8f,capi djibouti pilot,19,17,6528129e-ee94-4c33-b5d0-55bd7d91af41
19,3,10,36cdd42d-ede2-469d-841b-eb0216006a8f,capi djibouti pilot,12,15,6528129e-ee94-4c33-b5d0-55bd7d91af41
2,1,19,36cdd42d-ede2-469d-841b-eb0216006a8f,capi djibouti pilot,18,3,6528129e-ee94-4c33-b5d0-55bd7d91af41
8,1,19,36cdd42d-ede2-469d-841b-eb0216006a8f,capi djibouti pilot,1,2,6528129e-ee94-4c33-b5d0-55bd7d91af41
15,20,9,36cdd42d-ede2-469d-841b-eb0216006a8f,capi djibouti pilot,9,14,6528129e-ee94-4c33-b5d0-55bd7d91af41
11,1,15,36cdd42d-ede2-469d-841b-eb0216006a8f,capi djibouti pilot,20,2,6528129e-ee94-4c33-b5d0-55bd7d91af41
12,1,5,36cdd42d-ede2-469d-841b-eb0216006a8f,capi djibouti pilot,13,15,6528129e-ee94-4c33-b5d0-55bd7d91af41
4,14,3,36cdd42d-ede2-469d-841b-eb0216006a8f,capi djibouti pilot,4,11,6528129e-ee94-4c33-b5d0-55bd7d91af41
18,18,20,36cdd42d-ede2-469d-841b-eb0216006a8f,capi djibouti pilot,19,16,6528129e-ee94-4c33-b5d0-55bd7d91af41
13,3,12,36cdd42d-ede2-469d-841b-eb0216006a8f,capi djibouti pilot,1,8,6528129e-ee94-4c33-b5d0-55bd7d91af41
13,9,20,36cdd42d-ede2-469d-841b-eb0216006a8f,capi djibouti pilot,5,5,6528129e-ee94-4c33-b5d0-55bd7d91af41
14,14,13,36cdd42d-ede2-469d-841b-eb0216006a8f,capi djibouti pilot,15,20,6528129e-ee94-4c33-b5d0-55bd7d91af41
11,17,19,36cdd42d-ede2-469d-841b-eb0216006a8f,capi djibouti pilot,6,13,6528129e-ee94-4c33-b5d0-55bd7d91af41
2,9,16,36cdd42d-ede2-469d-841b-eb0216006a8f,capi djibouti pilot,17,14,6528129e-ee94-4c33-b5d0-55bd7d91af41